dimension,code,name,unit,type
variable,cvm,CVM Index,2018 = 100,NA
variable,constant,Constant prices,2018 £m,NA
variable,current,Current prices,£m,NA
variable,deflators,Implied deflator,2018 = 100,NA
geography,UK,UK,NA,country18
geography,UK0,England,NA,country18
geography,UKC,North East,NA,nuts118
geography,UKD,North West,NA,nuts118
geography,UKE,Yorkshire and The Humber,NA,nuts118
geography,UKF,East Midlands,NA,nuts118
geography,UKG,West Midlands,NA,nuts118
geography,UKH,East of England,NA,nuts118
geography,UKI,London,NA,nuts118
geography,UKJ,South East,NA,nuts118
geography,UKK,South West,NA,nuts118
geography,UKL,Wales,NA,nuts118
geography,UKM,Scotland,NA,nuts118
geography,UKN,Northern Ireland,NA,nuts118
geography,UKZ,Extra-Regio,NA,nuts118
geography,UKX,UK less Extra-Regio,NA,nuts118
geography,UKC1,Tees Valley and Durham,NA,nuts218
geography,UKC2,Northumberland and Tyne and Wear,NA,nuts218
geography,UKD1,Cumbria,NA,nuts218
geography,UKD3,Greater Manchester,NA,nuts218
geography,UKD4,Lancashire,NA,nuts218
geography,UKD6,Cheshire,NA,nuts218
geography,UKD7,Merseyside,NA,nuts218
geography,UKE1,East Yorkshire and Northern Lincolnshire,NA,nuts218
geography,UKE2,North Yorkshire,NA,nuts218
geography,UKE3,South Yorkshire,NA,nuts218
geography,UKE4,West Yorkshire,NA,nuts218
geography,UKF1,Derbyshire and Nottinghamshire,NA,nuts218
geography,UKF2,"Leicestershire, Rutland and Northamptonshire",NA,nuts218
geography,UKF3,Lincolnshire,NA,nuts218
geography,UKG1,"Herefordshire, Worcestershire and Warwickshire",NA,nuts218
geography,UKG2,Shropshire and Staffordshire,NA,nuts218
geography,UKG3,West Midlands,NA,nuts218
geography,UKH1,East Anglia,NA,nuts218
geography,UKH2,Bedfordshire and Hertfordshire,NA,nuts218
geography,UKH3,Essex,NA,nuts218
geography,UKI3,Inner London - West,NA,nuts218
geography,UKI4,Inner London - East,NA,nuts218
geography,UKI5,Outer London - East and North East,NA,nuts218
geography,UKI6,Outer London - South,NA,nuts218
geography,UKI7,Outer London - West and North West,NA,nuts218
geography,UKJ1,"Berkshire, Buckinghamshire and Oxfordshire",NA,nuts218
geography,UKJ2,"Surrey, East and West Sussex",NA,nuts218
geography,UKJ3,Hampshire and Isle of Wight,NA,nuts218
geography,UKJ4,Kent,NA,nuts218
geography,UKK1,"Gloucestershire, Wiltshire and Bath/Bristol area",NA,nuts218
geography,UKK2,Dorset and Somerset,NA,nuts218
geography,UKK3,Cornwall and Isles of Scilly,NA,nuts218
geography,UKK4,Devon,NA,nuts218
geography,UKL1,West Wales and The Valleys,NA,nuts218
geography,UKL2,East Wales,NA,nuts218
geography,UKM5,North Eastern Scotland,NA,nuts218
geography,UKM6,Highlands and Islands,NA,nuts218
geography,UKM7,Eastern Scotland,NA,nuts218
geography,UKM8,West Central Scotland,NA,nuts218
geography,UKM9,Southern Scotland,NA,nuts218
geography,UKN0,Northern Ireland,NA,nuts218
geography,UKC11,Hartlepool and Stockton-on-Tees,NA,nuts318
geography,UKC12,South Teesside,NA,nuts318
geography,UKC13,Darlington,NA,nuts318
geography,UKC14,Durham CC,NA,nuts318
geography,UKC21,Northumberland,NA,nuts318
geography,UKC22,Tyneside,NA,nuts318
geography,UKC23,Sunderland,NA,nuts318
geography,UKD11,West Cumbria,NA,nuts318
geography,UKD12,East Cumbria,NA,nuts318
geography,UKD33,Manchester,NA,nuts318
geography,UKD34,Greater Manchester South West,NA,nuts318
geography,UKD35,Greater Manchester South East,NA,nuts318
geography,UKD36,Greater Manchester North West,NA,nuts318
geography,UKD37,Greater Manchester North East,NA,nuts318
geography,UKD41,Blackburn with Darwen,NA,nuts318
geography,UKD42,Blackpool,NA,nuts318
geography,UKD44,Lancaster and Wyre,NA,nuts318
geography,UKD45,Mid Lancashire,NA,nuts318
geography,UKD46,East Lancashire,NA,nuts318
geography,UKD47,Chorley and West Lancashire,NA,nuts318
geography,UKD61,Warrington,NA,nuts318
geography,UKD62,Cheshire East,NA,nuts318
geography,UKD63,Cheshire West and Chester,NA,nuts318
geography,UKD71,East Merseyside,NA,nuts318
geography,UKD72,Liverpool,NA,nuts318
geography,UKD73,Sefton,NA,nuts318
geography,UKD74,Wirral,NA,nuts318
geography,UKE11,"Kingston upon Hull, City of",NA,nuts318
geography,UKE12,East Riding of Yorkshire,NA,nuts318
geography,UKE13,North and North East Lincolnshire,NA,nuts318
geography,UKE21,York,NA,nuts318
geography,UKE22,North Yorkshire CC,NA,nuts318
geography,UKE31,"Barnsley, Doncaster and Rotherham",NA,nuts318
geography,UKE32,Sheffield,NA,nuts318
geography,UKE41,Bradford,NA,nuts318
geography,UKE42,Leeds,NA,nuts318
geography,UKE44,Calderdale and Kirklees,NA,nuts318
geography,UKE45,Wakefield,NA,nuts318
geography,UKF11,Derby,NA,nuts318
geography,UKF12,East Derbyshire,NA,nuts318
geography,UKF13,South and West Derbyshire,NA,nuts318
geography,UKF14,Nottingham,NA,nuts318
geography,UKF15,North Nottinghamshire,NA,nuts318
geography,UKF16,South Nottinghamshire,NA,nuts318
geography,UKF21,Leicester,NA,nuts318
geography,UKF22,Leicestershire CC and Rutland,NA,nuts318
geography,UKF24,West Northamptonshire,NA,nuts318
geography,UKF25,North Northamptonshire,NA,nuts318
geography,UKF30,Lincolnshire,NA,nuts318
geography,UKG11,"Herefordshire, County of",NA,nuts318
geography,UKG12,Worcestershire,NA,nuts318
geography,UKG13,Warwickshire,NA,nuts318
geography,UKG21,Telford and Wrekin,NA,nuts318
geography,UKG22,Shropshire CC,NA,nuts318
geography,UKG23,Stoke-on-Trent,NA,nuts318
geography,UKG24,Staffordshire CC,NA,nuts318
geography,UKG31,Birmingham,NA,nuts318
geography,UKG32,Solihull,NA,nuts318
geography,UKG33,Coventry,NA,nuts318
geography,UKG36,Dudley,NA,nuts318
geography,UKG37,Sandwell,NA,nuts318
geography,UKG38,Walsall,NA,nuts318
geography,UKG39,Wolverhampton,NA,nuts318
geography,UKH11,Peterborough,NA,nuts318
geography,UKH12,Cambridgeshire CC,NA,nuts318
geography,UKH14,Suffolk,NA,nuts318
geography,UKH15,Norwich and East Norfolk,NA,nuts318
geography,UKH16,North and West Norfolk,NA,nuts318
geography,UKH17,Breckland and South Norfolk,NA,nuts318
geography,UKH21,Luton,NA,nuts318
geography,UKH23,Hertfordshire,NA,nuts318
geography,UKH24,Bedford,NA,nuts318
geography,UKH25,Central Bedfordshire,NA,nuts318
geography,UKH31,Southend-on-Sea,NA,nuts318
geography,UKH32,Thurrock,NA,nuts318
geography,UKH34,Essex Haven Gateway,NA,nuts318
geography,UKH35,West Essex,NA,nuts318
geography,UKH36,Heart of Essex,NA,nuts318
geography,UKH37,Essex Thames Gateway,NA,nuts318
geography,UKI31,Camden and City of London,NA,nuts318
geography,UKI32,Westminster,NA,nuts318
geography,UKI33,Kensington & Chelsea and Hammersmith & Fulham,NA,nuts318
geography,UKI34,Wandsworth,NA,nuts318
geography,UKI41,Hackney and Newham,NA,nuts318
geography,UKI42,Tower Hamlets,NA,nuts318
geography,UKI43,Haringey and Islington,NA,nuts318
geography,UKI44,Lewisham and Southwark,NA,nuts318
geography,UKI45,Lambeth,NA,nuts318
geography,UKI51,Bexley and Greenwich,NA,nuts318
geography,UKI52,Barking & Dagenham and Havering,NA,nuts318
geography,UKI53,Redbridge and Waltham Forest,NA,nuts318
geography,UKI54,Enfield,NA,nuts318
geography,UKI61,Bromley,NA,nuts318
geography,UKI62,Croydon,NA,nuts318
geography,UKI63,"Merton, Kingston upon Thames and Sutton",NA,nuts318
geography,UKI71,Barnet,NA,nuts318
geography,UKI72,Brent,NA,nuts318
geography,UKI73,Ealing,NA,nuts318
geography,UKI74,Harrow and Hillingdon,NA,nuts318
geography,UKI75,Hounslow and Richmond upon Thames,NA,nuts318
geography,UKJ11,Berkshire,NA,nuts318
geography,UKJ12,Milton Keynes,NA,nuts318
geography,UKJ13,Buckinghamshire CC,NA,nuts318
geography,UKJ14,Oxfordshire,NA,nuts318
geography,UKJ21,Brighton and Hove,NA,nuts318
geography,UKJ22,East Sussex CC,NA,nuts318
geography,UKJ25,West Surrey,NA,nuts318
geography,UKJ26,East Surrey,NA,nuts318
geography,UKJ27,West Sussex (South West),NA,nuts318
geography,UKJ28,West Sussex (North East),NA,nuts318
geography,UKJ31,Portsmouth,NA,nuts318
geography,UKJ32,Southampton,NA,nuts318
geography,UKJ34,Isle of Wight,NA,nuts318
geography,UKJ35,South Hampshire,NA,nuts318
geography,UKJ36,Central Hampshire,NA,nuts318
geography,UKJ37,North Hampshire,NA,nuts318
geography,UKJ41,Medway,NA,nuts318
geography,UKJ43,Kent Thames Gateway,NA,nuts318
geography,UKJ44,East Kent,NA,nuts318
geography,UKJ45,Mid Kent,NA,nuts318
geography,UKJ46,West Kent,NA,nuts318
geography,UKK11,"Bristol, City of",NA,nuts318
geography,UKK12,"Bath and North East Somerset, North Somerset and South Gloucestershire",NA,nuts318
geography,UKK13,Gloucestershire,NA,nuts318
geography,UKK14,Swindon,NA,nuts318
geography,UKK15,Wiltshire,NA,nuts318
geography,UKK23,Somerset,NA,nuts318
geography,UKK24,"Bournemouth, Christchurch and Poole",NA,nuts318
geography,UKK25,Dorset CC,NA,nuts318
geography,UKK30,Cornwall and Isles of Scilly,NA,nuts318
geography,UKK41,Plymouth,NA,nuts318
geography,UKK42,Torbay,NA,nuts318
geography,UKK43,Devon CC,NA,nuts318
geography,UKL11,Isle of Anglesey,NA,nuts318
geography,UKL12,Gwynedd,NA,nuts318
geography,UKL13,Conwy and Denbighshire,NA,nuts318
geography,UKL14,South West Wales,NA,nuts318
geography,UKL15,Central Valleys,NA,nuts318
geography,UKL16,Gwent Valleys,NA,nuts318
geography,UKL17,Bridgend and Neath Port Talbot,NA,nuts318
geography,UKL18,Swansea,NA,nuts318
geography,UKL21,Monmouthshire and Newport,NA,nuts318
geography,UKL22,Cardiff and Vale of Glamorgan,NA,nuts318
geography,UKL23,Flintshire and Wrexham,NA,nuts318
geography,UKL24,Powys,NA,nuts318
geography,UKM50,Aberdeen City and Aberdeenshire,NA,nuts318
geography,UKM61,Caithness and Sutherland and Ross and Cromarty,NA,nuts318
geography,UKM62,"Inverness and Nairn and Moray, Badenoch and Strathspey",NA,nuts318
geography,UKM63,"Lochaber, Skye and Lochalsh, Arran and Cumbrae and Argyll and Bute",NA,nuts318
geography,UKM64,Na h-Eileanan Siar,NA,nuts318
geography,UKM65,Orkney Islands,NA,nuts318
geography,UKM66,Shetland Islands,NA,nuts318
geography,UKM71,Angus and Dundee City,NA,nuts318
geography,UKM72,Clackmannanshire and Fife,NA,nuts318
geography,UKM73,East Lothian and Midlothian,NA,nuts318
geography,UKM75,City of Edinburgh,NA,nuts318
geography,UKM76,Falkirk,NA,nuts318
geography,UKM77,Perth and Kinross and Stirling,NA,nuts318
geography,UKM78,West Lothian,NA,nuts318
geography,UKM81,"East Dunbartonshire, West Dunbartonshire and Helensburgh and Lomond",NA,nuts318
geography,UKM82,Glasgow City,NA,nuts318
geography,UKM83,"Inverclyde, East Renfrewshire and Renfrewshire",NA,nuts318
geography,UKM84,North Lanarkshire,NA,nuts318
geography,UKM91,Scottish Borders,NA,nuts318
geography,UKM92,Dumfries and Galloway,NA,nuts318
geography,UKM93,East Ayrshire and North Ayrshire mainland,NA,nuts318
geography,UKM94,South Ayrshire,NA,nuts318
geography,UKM95,South Lanarkshire,NA,nuts318
geography,UKN06,Belfast,NA,nuts318
geography,UKN07,"Armagh City, Banbridge and Craigavon",NA,nuts318
geography,UKN08,"Newry, Mourne and Down",NA,nuts318
geography,UKN09,Ards and North Down,NA,nuts318
geography,UKN0A,Derry City and Strabane,NA,nuts318
geography,UKN0B,Mid Ulster,NA,nuts318
geography,UKN0C,Causeway Coast and Glens,NA,nuts318
geography,UKN0D,Antrim and Newtownabbey,NA,nuts318
geography,UKN0E,Lisburn and Castlereagh,NA,nuts318
geography,UKN0F,Mid and East Antrim,NA,nuts318
geography,UKN0G,Fermanagh and Omagh,NA,nuts318
industry,01,Agriculture and hunting,NA,SIC07
industry,02,Forestry and logging,NA,SIC07
industry,03,Fishing and aquaculture,NA,SIC07
industry,A,"Agriculture, forestry and fishing",NA,SIC07
industry,5-8,"Mining and quarrying, excluding support activities",NA,SIC07
industry,09,Mining support service activities,NA,SIC07
industry,B,Mining and quarrying,NA,SIC07
industry,10,Manufacture of food products,NA,SIC07
industry,11-12,Manufacture of beverages and tobacco products,NA,SIC07
industry,CA,"Manufacture of food, beverages and tobacco",NA,SIC07
industry,13,Manufacture of textiles,NA,SIC07
industry,14,Manufacture of wearing apparel,NA,SIC07
industry,15,Manufacture of leather products,NA,SIC07
industry,CB,"Manufacture of textiles, wearing apparel and leather",NA,SIC07
industry,16,"Manufacture of wood products, except furniture",NA,SIC07
industry,17,Manufacture of paper products,NA,SIC07
industry,18,Printing and reproduction of recorded media,NA,SIC07
industry,CC,Manufacture of wood and paper products and printing,NA,SIC07
industry,19-20,"Manufacture of coke, refined petroleum and chemicals",NA,SIC07
industry,CD-CE,"Manufacture of coke, refined petroleum and chemicals",NA,SIC07
industry,21,Manufacture of pharmaceutical products,NA,SIC07
industry,CF,Manufacture of pharmaceutical products,NA,SIC07
industry,22,Manufacture of rubber and plastic products,NA,SIC07
industry,23,Manufacture of other non-metallic mineral products,NA,SIC07
industry,CG,"Manufacture of rubber, plastic and non-metallic minerals",NA,SIC07
industry,24,Manufacture of basic metals,NA,SIC07
industry,25,Manufacture of fabricated metal products,NA,SIC07
industry,CH,Manufacture of basic and fabricated metal products,NA,SIC07
industry,26,"Manufacture of computer, electronic and optical products",NA,SIC07
industry,CI,"Manufacture of computer, electronic and optical products",NA,SIC07
industry,27,Manufacture of electrical equipment,NA,SIC07
industry,CJ,Manufacture of electrical equipment,NA,SIC07
industry,28,Manufacture of machinery and equipment,NA,SIC07
industry,CK,Manufacture of machinery and equipment,NA,SIC07
industry,29,Manufacture of motor vehicles,NA,SIC07
industry,30,Manufacture of other transport equipment,NA,SIC07
industry,CL,Manufacture of transport equipment,NA,SIC07
industry,31,Manufacture of furniture,NA,SIC07
industry,32,Other manufacturing,NA,SIC07
industry,33,Repair and installation of machinery and equipment,NA,SIC07
industry,CM,"Other manufacturing, repair and installation",NA,SIC07
industry,C,Manufacturing,NA,SIC07
industry,35,"Electricity, gas, steam and air conditioning supply",NA,SIC07
industry,D,"Electricity, gas, steam and air conditioning supply",NA,SIC07
industry,36-37,Water supply and sewerage,NA,SIC07
industry,38,"Waste collection, treatment and disposal activities",NA,SIC07
industry,39,Remediation and other waste management services,NA,SIC07
industry,E,Water supply; sewerage and waste management,NA,SIC07
industry,A-E,Production sector,NA,SIC07
industry,41,Construction of buildings,NA,SIC07
industry,42,Civil engineering,NA,SIC07
industry,43,Specialised construction activities,NA,SIC07
industry,F,Construction,NA,SIC07
industry,45,Motor trades,NA,SIC07
industry,46,Wholesale trade,NA,SIC07
industry,47,Retail trade,NA,SIC07
industry,G,Wholesale and retail trade; repair of motor vehicles,NA,SIC07
industry,49,Land transport,NA,SIC07
industry,50,Water transport,NA,SIC07
industry,51,Air transport,NA,SIC07
industry,52,Warehousing and transport support activities,NA,SIC07
industry,53,Postal and courier activities,NA,SIC07
industry,H,Transportation and storage,NA,SIC07
industry,55,Accommodation,NA,SIC07
industry,56,Food and beverage service activities,NA,SIC07
industry,I,Accommodation and food service activities,NA,SIC07
industry,58,Publishing activities,NA,SIC07
industry,59,"Motion picture, video and TV programme production",NA,SIC07
industry,60,Programming and broadcasting activities,NA,SIC07
industry,61,Telecommunications,NA,SIC07
industry,62,Computer programming and consultancy,NA,SIC07
industry,63,Information service activities,NA,SIC07
industry,J,Information and communication,NA,SIC07
industry,64,Financial service activities,NA,SIC07
industry,65,Insurance and pension funding,NA,SIC07
industry,66,Activities auxiliary to finance and insurance,NA,SIC07
industry,K,Financial and insurance activities,NA,SIC07
industry,68,"Real estate activities, excluding imputed rental",NA,SIC07
industry,68IMP,Owner-occupiers' imputed rental,NA,SIC07
industry,L,Real estate activities,NA,SIC07
industry,69,Legal and accounting activities,NA,SIC07
industry,70,Head offices and management consultancy,NA,SIC07
industry,71,Architectural and engineering activities,NA,SIC07
industry,72,Scientific research and development,NA,SIC07
industry,73,Advertising and market research,NA,SIC07
industry,74,"Other professional, scientific and technical activities",NA,SIC07
industry,75,Veterinary activities,NA,SIC07
industry,M,"Professional, scientific and technical activities",NA,SIC07
industry,77,Rental and leasing activities,NA,SIC07
industry,78,Employment activities,NA,SIC07
industry,79,Travel agency and tour operator activities,NA,SIC07
industry,80,Security and investigation activities,NA,SIC07
industry,81,Services to buildings and landscape activities,NA,SIC07
industry,82,Office administration and business support activities,NA,SIC07
industry,N,Administrative and support service activities,NA,SIC07
industry,84,Public administration and defence,NA,SIC07
industry,O,Public administration and defence,NA,SIC07
industry,85,Education,NA,SIC07
industry,P,Education,NA,SIC07
industry,86,Human health activities,NA,SIC07
industry,87,Residential care activities,NA,SIC07
industry,88,Social work activities,NA,SIC07
industry,Q,Human health and social work activities,NA,SIC07
industry,90,"Creative, arts and entertainment activities",NA,SIC07
industry,91,"Libraries, archives, museums and other cultural activities",NA,SIC07
industry,92,Gambling and betting activities,NA,SIC07
industry,93,"Sports, amusement and recreation activities",NA,SIC07
industry,R,"Arts, entertainment and recreation",NA,SIC07
industry,94,Activities of membership organisations,NA,SIC07
industry,95,"Repair of computers, personal and household goods",NA,SIC07
industry,96,Other personal service activities,NA,SIC07
industry,S,Other service activities,NA,SIC07
industry,97-98,Households as employers and own use production,NA,SIC07
industry,T,Activities of households,NA,SIC07
industry,G-T,Services sector,NA,SIC07
industry,Total,All industries,NA,SIC07
industry,2-3,Forestry and fishing,NA,SIC07
industry,5-9,Mining and quarrying,NA,SIC07
industry,14-15,Manufacture of wearing apparel and leather products,NA,SIC07
industry,16-17,Manufacture of wood and paper products,NA,SIC07
industry,19-21,"Manufacture of petroleum, chemicals and pharmaceuticals",NA,SIC07
industry,CD-CF,"Manufacture of petroleum, chemicals and pharmaceuticals",NA,SIC07
industry,36-39,Water supply; sewerage and waste management,NA,SIC07
industry,50-51,Water and air transport,NA,SIC07
industry,59-60,"Film and TV production, programming and broadcasting",NA,SIC07
industry,1-9,"Agriculture, forestry and fishing; mining and quarrying",NA,SIC07
industry,AB,"Agriculture, forestry and fishing; mining and quarrying",NA,SIC07
industry,10-12,"Manufacture of food, beverages and tobacco",NA,SIC07
industry,13-15,"Manufacture of textiles, wearing apparel and leather",NA,SIC07
industry,16-18,Manufacture of wood and paper products and printing,NA,SIC07
industry,19-23,"Manufacture of petroleum, chemicals and other minerals",NA,SIC07
industry,CD-CG,"Manufacture of petroleum, chemicals and other minerals",NA,SIC07
industry,24-25,Manufacture of basic and fabricated metal products,NA,SIC07
industry,26-27,"Manufacture of electronic, optical and electrical products",NA,SIC07
industry,CI-CJ,"Manufacture of electronic, optical and electrical products",NA,SIC07
industry,28-30,Manufacture of machinery and transport equipment,NA,SIC07
industry,CK-CL,Manufacture of machinery and transport equipment,NA,SIC07
industry,31-33,"Other manufacturing, repair and installation",NA,SIC07
industry,35-39,"Electricity, gas, water; sewerage and waste management",NA,SIC07
industry,DE,"Electricity, gas, water; sewerage and waste management",NA,SIC07
industry,49-51,"Land, water and air transport",NA,SIC07
industry,58-60,Publishing; film and TV production and broadcasting,NA,SIC07
industry,61-63,Telecommunications; information technology,NA,SIC07
industry,65-66,"Insurance, pension funding and auxiliary financial activities",NA,SIC07
industry,72-73,Research and development; advertising and market research,NA,SIC07
industry,78-80,Employment activities; tourism and security services,NA,SIC07
industry,90-91,"Creative, arts, entertainment and cultural activities",NA,SIC07
industry,92-93,Gambling and betting; sports and recreation activities,NA,SIC07
